index_x,number_of_persons_injured,number_of_persons_killed,number_of_pedestrians_injured,number_of_pedestrians_killed,number_of_cyclist_injured,number_of_cyclist_killed,number_of_motorist_injured,number_of_motorist_killed,collision_id,year_x,accelerator_defective,aggressive_driving/road_rage,alcohol_involvement,animals_action,backing_unsafely,brakes_defective,cell_phone_(hand-held),cell_phone_(hands-free),driver_inattention/distraction,driver_inexperience,driverless/runaway_vehicle,drugs_(illegal),eating_or_drinking,failure_to_keep_right,failure_to_yield_right-of-way,fatigued/drowsy,fell_asleep,following_too_closely,glare,headlights_defective,illness,lane_marking_improper/inadequate,listening/using_headphones,lost_consciousness,obstruction/debris,other_electronic_device,other_lighting_defects,other_vehicular,outside_car_distraction,oversized_vehicle,passenger_distraction,passing_too_closely,passing_or_lane_usage_improper,pavement_defective,pavement_slippery,pedestrian/bicyclist/other_pedestrian_error/confusion,physical_disability,prescription_medication,reaction_to_uninvolved_vehicle,shoulders_defective/improper,steering_failure,texting,tinted_windows,tire_failure/inadequate,tow_hitch_defective,traffic_control_device_improper/non-working,traffic_control_disregarded,turning_improperly,unsafe_lane_changing,unsafe_speed,using_on_board_navigation_device,vehicle_vandalism,view_obstructed/limited,windshield_inadequate,crash_datetime_x,unique_id,person_id,vehicle_id_x,person_age,person_sex,person_type_bicyclist,person_type_occupant,person_type_pedestrian,person_injured,index_y,vehicle_id_y,vehicle_type,vehicle_make,vehicle_model,vehicle_year,driver_sex,driver_license_status,driver_license_jurisdiction,pre_crash,point_of_impact,year_y,center_back_end,center_front_end,demolished,left_front_bumper,left_front_quarter_panel,left_rear_bumper,left_rear_quarter_panel,left_side_doors,no_damage,other,right_front_bumper,right_front_quarter_panel,right_rear_bumper,right_rear_quarter_panel,right_side_doors,crash_datetime_y
0.0,0.0,0.0,0.0,0.0,0.0,0.0,0.0,0.0,4461135,2012.0,0.0,0.0,0.0,0.0,0.0,0.0,0.0,0.0,0.0,0.0,0.0,0.0,0.0,0.0,0.0,0.0,0.0,0.0,0.0,0.0,0.0,0.0,0.0,0.0,0.0,0.0,0.0,0.0,0.0,0.0,0.0,0.0,0.0,0.0,0.0,0.0,0.0,1.0,0.0,0.0,0.0,0.0,0.0,0.0,0.0,0.0,0.0,0.0,0.0,0.0,0.0,0.0,0.0,0.0,2012-09-25 12:36:00,11964616,eb747dfa-c01e-4ddf-841d-9d020a8f7054,20071661.0,13,U,False,True,False,0,198964,a61e0531-535e-48d2-9167-84423c060a0a,station wagon,honda,,2021.0,M,Licensed,NY,Going Straight Ahead,Right Front Bumper,2012,0,0,0,0,0,0,0,0,3,0,1,0,0,0,0,2012-09-25 12:36:00
38.0,4.0,0.0,0.0,0.0,0.0,0.0,4.0,0.0,2867774,2012.0,0.0,0.0,0.0,0.0,0.0,0.0,0.0,0.0,0.0,0.0,0.0,0.0,0.0,0.0,0.0,0.0,0.0,0.0,0.0,0.0,0.0,0.0,0.0,0.0,0.0,0.0,0.0,0.0,0.0,0.0,0.0,0.0,0.0,0.0,0.0,0.0,0.0,0.0,0.0,0.0,0.0,0.0,0.0,0.0,0.0,0.0,0.0,0.0,0.0,0.0,0.0,0.0,0.0,0.0,2012-12-23 09:54:00,1402745,1,9621288.0,29,,False,True,False,1,3586,1,van,alfa romeo,,,,,,,,2012,0,0,0,0,0,0,0,0,0,0,0,0,0,0,0,2012-12-23 09:54:00
80.0,1.0,0.0,1.0,0.0,0.0,0.0,0.0,0.0,209782,2012.0,0.0,0.0,0.0,0.0,0.0,0.0,0.0,0.0,0.0,0.0,0.0,0.0,0.0,0.0,0.0,0.0,0.0,0.0,0.0,0.0,0.0,0.0,0.0,0.0,0.0,0.0,0.0,0.0,0.0,0.0,0.0,0.0,0.0,0.0,0.0,0.0,0.0,0.0,0.0,0.0,0.0,0.0,0.0,0.0,0.0,0.0,0.0,0.0,0.0,0.0,0.0,0.0,0.0,0.0,2012-12-10 18:00:00,1935841,1,,38,,False,False,True,1,10726,1,passenger vehicle,alfa romeo,,,,,,,,2012,0,0,0,0,0,0,0,0,0,0,0,0,0,0,0,2012-12-10 18:00:00
165.0,5.0,0.0,0.0,0.0,0.0,0.0,5.0,0.0,2927139,2012.0,0.0,0.0,0.0,0.0,0.0,0.0,0.0,0.0,0.0,0.0,0.0,0.0,0.0,0.0,0.0,0.0,0.0,0.0,0.0,0.0,0.0,0.0,0.0,0.0,0.0,0.0,0.0,0.0,0.0,0.0,0.0,0.0,0.0,0.0,0.0,0.0,0.0,0.0,0.0,0.0,0.0,0.0,0.0,0.0,0.0,0.0,0.0,0.0,0.0,0.0,0.0,0.0,0.0,0.0,2012-11-13 10:30:00,1543346,1,10386543.0,41,,False,True,False,1,64818,1,unknown vehicle,alfa romeo,,,,,,,,2012,0,0,0,0,0,0,0,0,0,0,0,0,0,0,0,2012-11-13 10:30:00
217.0,1.0,0.0,1.0,0.0,0.0,0.0,0.0,0.0,214957,2012.0,0.0,0.0,0.0,0.0,0.0,0.0,0.0,0.0,0.0,0.0,0.0,0.0,0.0,0.0,0.0,0.0,0.0,0.0,0.0,0.0,0.0,0.0,0.0,0.0,0.0,0.0,0.0,0.0,0.0,0.0,0.0,0.0,0.0,0.0,0.0,0.0,0.0,0.0,0.0,0.0,0.0,0.0,0.0,0.0,0.0,0.0,0.0,0.0,0.0,0.0,0.0,0.0,0.0,0.0,2012-12-26 18:20:00,1953465,1,,62,,False,False,True,1,25285,1,passenger vehicle,alfa romeo,,,,,,,,2012,0,0,0,0,0,0,0,0,0,0,0,0,0,0,0,2012-12-26 18:20:00
252.0,5.0,0.0,0.0,0.0,0.0,0.0,5.0,0.0,2921843,2012.0,0.0,0.0,0.0,0.0,0.0,0.0,0.0,0.0,0.0,0.0,0.0,0.0,0.0,0.0,0.0,0.0,0.0,0.0,0.0,0.0,0.0,0.0,0.0,0.0,0.0,0.0,0.0,0.0,0.0,0.0,0.0,0.0,0.0,0.0,0.0,0.0,0.0,0.0,0.0,0.0,0.0,0.0,0.0,0.0,0.0,0.0,0.0,0.0,0.0,0.0,0.0,0.0,0.0,0.0,2012-12-24 19:20:00,1529396,1,10317657.0,33,,False,True,False,1,110589,1,passenger vehicle,alfa romeo,,,,,,,,2012,0,0,0,0,0,0,0,0,0,0,0,0,0,0,0,2012-12-24 19:20:00
261.0,1.0,0.0,0.0,0.0,0.0,0.0,1.0,0.0,157097,2012.0,0.0,0.0,0.0,0.0,0.0,0.0,0.0,0.0,0.0,0.0,0.0,0.0,0.0,1.0,0.0,0.0,0.0,0.0,0.0,0.0,0.0,0.0,0.0,0.0,0.0,0.0,0.0,2.0,0.0,0.0,0.0,0.0,0.0,0.0,0.0,0.0,0.0,0.0,0.0,0.0,0.0,0.0,0.0,0.0,0.0,0.0,0.0,0.0,0.0,0.0,0.0,0.0,0.0,0.0,2012-12-28 16:36:00,1753385,1,11560914.0,11,,False,True,False,1,1091,3,scooter,alfa romeo,,,,,,,,2012,0,0,0,0,0,0,0,0,0,0,0,0,0,0,0,2012-12-28 16:36:00
287.0,3.0,0.0,0.0,0.0,0.0,0.0,3.0,0.0,229312,2012.0,0.0,0.0,0.0,0.0,0.0,0.0,0.0,0.0,1.0,0.0,0.0,0.0,0.0,0.0,0.0,0.0,0.0,0.0,0.0,0.0,0.0,0.0,0.0,0.0,0.0,0.0,0.0,0.0,0.0,0.0,0.0,0.0,0.0,0.0,0.0,0.0,0.0,0.0,0.0,0.0,0.0,0.0,0.0,0.0,0.0,0.0,0.0,0.0,0.0,0.0,0.0,0.0,0.0,0.0,2012-12-12 08:00:00,2009451,2,12956504.0,53,,False,True,False,1,49738,2,passenger vehicle,alfa romeo,,,,,,,,2012,0,0,0,0,0,0,0,0,0,0,0,0,0,0,0,2012-12-12 08:00:00
289.0,1.0,0.0,0.0,0.0,0.0,0.0,1.0,0.0,12706,2012.0,0.0,0.0,0.0,0.0,0.0,0.0,0.0,0.0,0.0,0.0,0.0,0.0,0.0,0.0,0.0,1.0,0.0,0.0,0.0,0.0,0.0,0.0,0.0,0.0,0.0,0.0,0.0,0.0,0.0,0.0,0.0,0.0,0.0,0.0,0.0,0.0,0.0,0.0,0.0,0.0,0.0,0.0,0.0,0.0,0.0,0.0,0.0,0.0,0.0,0.0,0.0,0.0,0.0,0.0,2012-12-29 03:20:00,1277484,1,8570654.0,41,,False,True,False,1,108226,1,taxi,alfa romeo,,,,,,,,2012,0,0,0,0,0,0,0,0,0,0,0,0,0,0,0,2012-12-29 03:20:00
341.0,2.0,0.0,0.0,0.0,0.0,0.0,2.0,0.0,214891,2012.0,0.0,0.0,0.0,0.0,0.0,0.0,0.0,0.0,0.0,0.0,0.0,0.0,0.0,0.0,0.0,0.0,0.0,0.0,0.0,0.0,0.0,0.0,0.0,0.0,0.0,0.0,0.0,0.0,0.0,0.0,0.0,0.0,0.0,0.0,0.0,0.0,0.0,0.0,0.0,0.0,0.0,0.0,0.0,0.0,0.0,0.0,0.0,0.0,0.0,0.0,0.0,0.0,0.0,0.0,2012-12-20 14:40:00,1953452,2,12658746.0,38,,False,True,False,1,48446,2,pickup truck,alfa romeo,,,,,,,,2012,0,0,0,0,0,0,0,0,0,0,0,0,0,0,0,2012-12-20 14:40:00
377.0,4.0,0.0,0.0,0.0,0.0,0.0,4.0,0.0,100704,2012.0,0.0,0.0,0.0,0.0,0.0,0.0,0.0,0.0,0.0,0.0,0.0,0.0,0.0,0.0,0.0,0.0,0.0,0.0,0.0,0.0,0.0,0.0,0.0,0.0,0.0,0.0,0.0,2.0,0.0,0.0,0.0,0.0,0.0,0.0,0.0,0.0,0.0,0.0,0.0,0.0,0.0,0.0,0.0,0.0,0.0,0.0,0.0,0.0,0.0,0.0,0.0,0.0,0.0,0.0,2012-12-30 18:42:00,1543426,2,10387110.0,49,,False,True,False,1,22409,2,passenger vehicle,alfa romeo,,,,,,,,2012,0,0,0,0,0,0,0,0,0,0,0,0,0,0,0,2012-12-30 18:42:00
397.0,2.0,0.0,0.0,0.0,0.0,0.0,2.0,0.0,274375,2012.0,0.0,0.0,0.0,0.0,0.0,0.0,0.0,0.0,1.0,0.0,0.0,0.0,0.0,0.0,0.0,0.0,0.0,0.0,0.0,0.0,0.0,0.0,0.0,0.0,0.0,0.0,0.0,0.0,0.0,0.0,0.0,0.0,0.0,0.0,0.0,0.0,0.0,0.0,0.0,0.0,0.0,0.0,0.0,0.0,0.0,0.0,0.0,0.0,0.0,0.0,0.0,0.0,0.0,0.0,2012-12-12 05:20:00,2155414,2,13980799.0,59,,False,True,False,1,87934,2,taxi,alfa romeo,,,,,,,,2012,0,0,0,0,0,0,0,0,0,0,0,0,0,0,0,2012-12-12 05:20:00
418.0,4.0,0.0,0.0,0.0,0.0,0.0,4.0,0.0,27798,2012.0,0.0,0.0,0.0,0.0,0.0,0.0,0.0,0.0,0.0,0.0,0.0,0.0,0.0,0.0,0.0,0.0,0.0,0.0,0.0,0.0,0.0,0.0,0.0,0.0,0.0,0.0,0.0,0.0,0.0,0.0,0.0,0.0,0.0,0.0,0.0,0.0,0.0,0.0,0.0,0.0,0.0,0.0,0.0,0.0,0.0,0.0,0.0,0.0,0.0,0.0,0.0,0.0,0.0,0.0,2012-12-28 21:05:00,1312243,2,8882640.0,39,,False,True,False,1,10185,1,passenger vehicle,alfa romeo,,,,,,,,2012,0,0,0,0,0,0,0,0,0,0,0,0,0,0,0,2012-12-28 21:05:00
418.0,4.0,0.0,0.0,0.0,0.0,0.0,4.0,0.0,27798,2012.0,0.0,0.0,0.0,0.0,0.0,0.0,0.0,0.0,0.0,0.0,0.0,0.0,0.0,0.0,0.0,0.0,0.0,0.0,0.0,0.0,0.0,0.0,0.0,0.0,0.0,0.0,0.0,0.0,0.0,0.0,0.0,0.0,0.0,0.0,0.0,0.0,0.0,0.0,0.0,0.0,0.0,0.0,0.0,0.0,0.0,0.0,0.0,0.0,0.0,0.0,0.0,0.0,0.0,0.0,2012-12-28 21:05:00,1312245,4,8882640.0,7,,False,True,False,1,10185,1,passenger vehicle,alfa romeo,,,,,,,,2012,0,0,0,0,0,0,0,0,0,0,0,0,0,0,0,2012-12-28 21:05:00
431.0,1.0,0.0,1.0,0.0,0.0,0.0,0.0,0.0,265203,2012.0,0.0,0.0,0.0,0.0,0.0,0.0,0.0,0.0,0.0,0.0,0.0,0.0,0.0,0.0,0.0,0.0,0.0,0.0,0.0,0.0,0.0,0.0,0.0,0.0,0.0,0.0,0.0,0.0,0.0,0.0,0.0,0.0,0.0,0.0,0.0,0.0,0.0,0.0,0.0,0.0,0.0,0.0,0.0,0.0,0.0,0.0,0.0,0.0,0.0,0.0,0.0,0.0,0.0,0.0,2012-12-24 21:10:00,2117755,1,,36,,False,False,True,1,1595,1,unknown vehicle,alfa romeo,,,,,,,,2012,0,0,0,0,0,0,0,0,0,0,0,0,0,0,0,2012-12-24 21:10:00
435.0,1.0,0.0,0.0,0.0,0.0,0.0,1.0,0.0,3033581,2012.0,0.0,0.0,0.0,0.0,0.0,0.0,0.0,0.0,0.0,0.0,0.0,0.0,0.0,0.0,0.0,1.0,0.0,0.0,0.0,0.0,0.0,0.0,0.0,0.0,0.0,0.0,0.0,0.0,0.0,0.0,0.0,0.0,0.0,0.0,0.0,0.0,0.0,0.0,0.0,0.0,0.0,0.0,0.0,0.0,0.0,0.0,0.0,0.0,0.0,0.0,0.0,0.0,0.0,0.0,2012-12-28 16:50:00,2028793,1,13083645.0,66,,False,True,False,1,28331,2,passenger vehicle,alfa romeo,,,,,,,,2012,0,0,0,0,0,0,0,0,0,0,0,0,0,0,0,2012-12-28 16:50:00
437.0,1.0,0.0,0.0,0.0,0.0,0.0,1.0,0.0,295706,2012.0,0.0,0.0,0.0,0.0,0.0,0.0,0.0,0.0,0.0,0.0,0.0,0.0,0.0,0.0,0.0,0.0,0.0,0.0,0.0,0.0,0.0,0.0,0.0,0.0,0.0,0.0,0.0,0.0,0.0,0.0,0.0,0.0,0.0,0.0,0.0,0.0,0.0,0.0,0.0,0.0,0.0,0.0,0.0,0.0,0.0,0.0,0.0,0.0,0.0,0.0,0.0,0.0,0.0,0.0,2012-12-19 11:00:00,2217411,1,14395530.0,73,,False,True,False,1,31972,2,passenger vehicle,alfa romeo,,,,,,,,2012,0,0,0,0,0,0,0,0,0,0,0,0,0,0,0,2012-12-19 11:00:00
450.0,1.0,0.0,1.0,0.0,0.0,0.0,0.0,0.0,110540,2012.0,0.0,0.0,0.0,0.0,0.0,0.0,0.0,0.0,1.0,0.0,0.0,0.0,0.0,0.0,0.0,0.0,0.0,0.0,0.0,0.0,0.0,0.0,0.0,0.0,0.0,0.0,0.0,0.0,0.0,0.0,0.0,0.0,0.0,0.0,0.0,0.0,0.0,0.0,0.0,0.0,0.0,0.0,0.0,0.0,0.0,0.0,0.0,0.0,0.0,0.0,0.0,0.0,0.0,0.0,2012-12-21 21:56:00,1582040,1,,33,,False,False,True,1,3468,1,passenger vehicle,alfa romeo,,,,,,,,2012,0,0,0,0,0,0,0,0,0,0,0,0,0,0,0,2012-12-21 21:56:00
545.0,1.0,0.0,0.0,0.0,1.0,0.0,0.0,0.0,103927,2012.0,0.0,0.0,0.0,0.0,0.0,0.0,0.0,0.0,0.0,0.0,0.0,0.0,0.0,0.0,0.0,0.0,0.0,0.0,0.0,0.0,0.0,0.0,0.0,0.0,0.0,0.0,0.0,0.0,0.0,0.0,0.0,0.0,0.0,0.0,0.0,0.0,0.0,0.0,0.0,0.0,0.0,0.0,0.0,0.0,0.0,0.0,0.0,0.0,0.0,0.0,0.0,0.0,0.0,0.0,2012-12-22 08:58:00,1557896,1,10465006.0,36,,True,False,False,1,117051,2,bicycle,alfa romeo,,,,,,,,2012,0,0,0,0,0,0,0,0,0,0,0,0,0,0,0,2012-12-22 08:58:00
560.0,2.0,0.0,0.0,0.0,0.0,0.0,2.0,0.0,265223,2012.0,0.0,0.0,0.0,0.0,0.0,0.0,0.0,0.0,0.0,0.0,0.0,0.0,0.0,0.0,0.0,0.0,0.0,0.0,0.0,0.0,0.0,0.0,0.0,0.0,0.0,0.0,0.0,0.0,0.0,0.0,0.0,0.0,0.0,0.0,0.0,0.0,0.0,0.0,0.0,0.0,0.0,0.0,0.0,0.0,0.0,0.0,0.0,0.0,0.0,0.0,0.0,0.0,0.0,0.0,2012-12-28 13:16:00,2117760,2,13748186.0,9,,False,True,False,1,188091,2,passenger vehicle,alfa romeo,,,,,,,,2012,0,0,0,0,0,0,0,0,0,0,0,0,0,0,0,2012-12-28 13:16:00
578.0,1.0,0.0,0.0,0.0,0.0,0.0,1.0,0.0,280945,2012.0,0.0,0.0,0.0,0.0,0.0,0.0,0.0,0.0,0.0,0.0,0.0,0.0,0.0,0.0,0.0,0.0,0.0,0.0,0.0,0.0,0.0,0.0,0.0,0.0,0.0,0.0,0.0,0.0,0.0,0.0,0.0,0.0,0.0,0.0,0.0,0.0,0.0,0.0,0.0,0.0,0.0,0.0,0.0,0.0,0.0,0.0,0.0,0.0,0.0,0.0,0.0,0.0,0.0,0.0,2012-12-20 09:35:00,2172735,1,14086776.0,33,,False,True,False,1,42420,2,passenger vehicle,alfa romeo,,,,,,,,2012,0,0,0,0,0,0,0,0,0,0,0,0,0,0,0,2012-12-20 09:35:00
580.0,2.0,0.0,0.0,0.0,0.0,0.0,2.0,0.0,136675,2012.0,0.0,0.0,0.0,0.0,0.0,0.0,0.0,0.0,0.0,0.0,0.0,0.0,0.0,0.0,0.0,0.0,0.0,0.0,0.0,0.0,0.0,0.0,0.0,0.0,0.0,0.0,0.0,0.0,0.0,0.0,0.0,0.0,0.0,0.0,0.0,0.0,0.0,1.0,0.0,0.0,0.0,0.0,0.0,0.0,0.0,0.0,0.0,0.0,0.0,0.0,0.0,0.0,0.0,0.0,2012-12-25 09:45:00,1681998,2,11159091.0,10,,False,True,False,1,113358,2,passenger vehicle,alfa romeo,,,,,,,,2012,0,0,0,0,0,0,0,0,0,0,0,0,0,0,0,2012-12-25 09:45:00
609.0,1.0,0.0,1.0,0.0,0.0,0.0,0.0,0.0,173468,2012.0,0.0,0.0,0.0,0.0,0.0,0.0,0.0,0.0,0.0,0.0,0.0,0.0,0.0,0.0,0.0,0.0,0.0,0.0,0.0,0.0,0.0,0.0,0.0,0.0,0.0,0.0,0.0,0.0,0.0,0.0,0.0,0.0,0.0,0.0,0.0,0.0,0.0,0.0,0.0,0.0,0.0,0.0,0.0,0.0,0.0,0.0,0.0,0.0,0.0,0.0,0.0,0.0,0.0,0.0,2012-12-30 15:20:00,1817975,1,,39,,False,False,True,1,122667,1,station wagon,alfa romeo,,,,,,,,2012,0,0,0,0,0,0,0,0,0,0,0,0,0,0,0,2012-12-30 15:20:00
673.0,2.0,0.0,0.0,0.0,0.0,0.0,2.0,0.0,60311,2012.0,0.0,0.0,0.0,0.0,0.0,0.0,0.0,0.0,0.0,0.0,0.0,0.0,0.0,0.0,0.0,0.0,0.0,0.0,0.0,0.0,0.0,0.0,0.0,0.0,0.0,0.0,0.0,0.0,0.0,0.0,0.0,0.0,0.0,0.0,0.0,0.0,0.0,0.0,0.0,0.0,0.0,0.0,0.0,0.0,0.0,0.0,0.0,0.0,0.0,0.0,0.0,0.0,0.0,0.0,2012-12-15 17:37:00,1381155,2,9501964.0,11,,False,True,False,1,49641,2,passenger vehicle,alfa romeo,,,,,,,,2012,0,0,0,0,0,0,0,0,0,0,0,0,0,0,0,2012-12-15 17:37:00
694.0,1.0,0.0,0.0,0.0,0.0,0.0,1.0,0.0,180279,2012.0,0.0,0.0,0.0,0.0,0.0,0.0,0.0,0.0,1.0,0.0,0.0,0.0,0.0,0.0,0.0,0.0,0.0,0.0,0.0,0.0,0.0,0.0,0.0,0.0,0.0,0.0,0.0,0.0,0.0,0.0,0.0,0.0,0.0,0.0,0.0,0.0,0.0,0.0,0.0,0.0,0.0,0.0,0.0,0.0,0.0,0.0,0.0,0.0,0.0,1.0,0.0,0.0,0.0,0.0,2012-12-17 16:00:00,1834965,1,11969030.0,56,,False,True,False,1,51774,2,passenger vehicle,alfa romeo,,,,,,,,2012,0,0,0,0,0,0,0,0,0,0,0,0,0,0,0,2012-12-17 16:00:00
724.0,1.0,0.0,1.0,0.0,0.0,0.0,0.0,0.0,165471,2012.0,0.0,0.0,0.0,0.0,0.0,0.0,0.0,0.0,0.0,0.0,0.0,0.0,0.0,0.0,0.0,0.0,0.0,0.0,0.0,0.0,0.0,0.0,0.0,0.0,0.0,0.0,0.0,0.0,0.0,0.0,0.0,0.0,0.0,0.0,0.0,0.0,0.0,0.0,0.0,0.0,0.0,0.0,0.0,0.0,0.0,0.0,0.0,0.0,0.0,0.0,0.0,0.0,0.0,0.0,2012-12-26 18:45:00,1796618,1,,46,,False,False,True,1,83838,1,unknown vehicle,alfa romeo,,,,,,,,2012,0,0,0,0,0,0,0,0,0,0,0,0,0,0,0,2012-12-26 18:45:00
752.0,1.0,0.0,0.0,0.0,0.0,0.0,1.0,0.0,286505,2012.0,0.0,0.0,0.0,0.0,0.0,0.0,0.0,0.0,0.0,0.0,0.0,0.0,0.0,0.0,0.0,0.0,0.0,0.0,0.0,0.0,0.0,0.0,0.0,0.0,0.0,0.0,0.0,0.0,0.0,0.0,0.0,0.0,0.0,0.0,0.0,0.0,0.0,0.0,0.0,0.0,0.0,0.0,0.0,0.0,0.0,0.0,0.0,0.0,0.0,0.0,0.0,0.0,0.0,0.0,2012-12-16 04:40:00,2189463,1,14200921.0,32,,False,True,False,1,68987,1,station wagon,alfa romeo,,,,,,,,2012,0,0,0,0,0,0,0,0,0,0,0,0,0,0,0,2012-12-16 04:40:00
753.0,1.0,0.0,1.0,0.0,0.0,0.0,0.0,0.0,22933,2012.0,0.0,0.0,0.0,0.0,0.0,0.0,0.0,0.0,0.0,0.0,0.0,0.0,0.0,0.0,0.0,0.0,0.0,0.0,0.0,0.0,0.0,0.0,0.0,0.0,0.0,0.0,0.0,0.0,0.0,0.0,1.0,0.0,0.0,0.0,0.0,0.0,0.0,0.0,0.0,0.0,0.0,0.0,0.0,0.0,0.0,0.0,0.0,0.0,0.0,0.0,0.0,0.0,0.0,0.0,2012-12-29 05:00:00,1301740,1,,22,,False,False,True,1,37864,1,taxi,alfa romeo,,,,,,,,2012,0,0,0,0,0,0,0,0,0,0,0,0,0,0,0,2012-12-29 05:00:00
757.0,1.0,0.0,0.0,0.0,0.0,0.0,1.0,0.0,73580,2012.0,0.0,0.0,0.0,0.0,0.0,0.0,0.0,0.0,0.0,0.0,0.0,0.0,0.0,0.0,0.0,0.0,0.0,0.0,0.0,0.0,0.0,0.0,0.0,0.0,0.0,0.0,0.0,1.0,0.0,0.0,0.0,0.0,0.0,0.0,0.0,0.0,0.0,0.0,0.0,0.0,0.0,0.0,0.0,0.0,0.0,0.0,0.0,1.0,0.0,0.0,0.0,0.0,0.0,0.0,2012-12-21 08:52:00,1432617,1,9795057.0,24,,False,True,False,1,137526,2,passenger vehicle,alfa romeo,,,,,,,,2012,0,0,0,0,0,0,0,0,0,0,0,0,0,0,0,2012-12-21 08:52:00
762.0,2.0,0.0,0.0,0.0,0.0,0.0,2.0,0.0,136560,2012.0,0.0,0.0,0.0,0.0,0.0,0.0,0.0,0.0,1.0,0.0,0.0,0.0,0.0,0.0,0.0,0.0,0.0,0.0,0.0,0.0,0.0,0.0,0.0,0.0,0.0,0.0,0.0,0.0,0.0,0.0,0.0,0.0,0.0,0.0,0.0,0.0,0.0,0.0,0.0,0.0,0.0,0.0,0.0,0.0,0.0,0.0,0.0,0.0,0.0,0.0,0.0,0.0,0.0,0.0,2012-12-12 17:10:00,1681946,1,11158858.0,16,,False,True,False,1,39144,1,station wagon,alfa romeo,,,,,,,,2012,0,0,0,0,0,0,0,0,0,0,0,0,0,0,0,2012-12-12 17:10:00
768.0,1.0,0.0,1.0,0.0,0.0,0.0,0.0,0.0,131314,2012.0,0.0,0.0,0.0,0.0,0.0,0.0,0.0,0.0,0.0,0.0,0.0,0.0,0.0,0.0,0.0,0.0,0.0,0.0,0.0,0.0,0.0,0.0,0.0,0.0,0.0,0.0,0.0,0.0,0.0,0.0,0.0,0.0,0.0,0.0,0.0,0.0,0.0,0.0,0.0,0.0,0.0,0.0,0.0,0.0,0.0,0.0,0.0,0.0,0.0,0.0,0.0,0.0,0.0,0.0,2012-12-25 01:30:00,1655326,1,,0,,False,False,True,1,14720,1,passenger vehicle,alfa romeo,,,,,,,,2012,0,0,0,0,0,0,0,0,0,0,0,0,0,0,0,2012-12-25 01:30:00
790.0,8.0,0.0,0.0,0.0,0.0,0.0,8.0,0.0,2879210,2012.0,0.0,0.0,0.0,0.0,0.0,0.0,0.0,0.0,0.0,0.0,0.0,0.0,0.0,0.0,0.0,0.0,0.0,0.0,0.0,0.0,0.0,0.0,0.0,0.0,0.0,0.0,0.0,0.0,0.0,0.0,0.0,0.0,0.0,0.0,0.0,0.0,0.0,0.0,0.0,0.0,0.0,0.0,0.0,0.0,0.0,0.0,1.0,0.0,0.0,0.0,0.0,0.0,0.0,0.0,2012-12-15 19:51:00,1432597,6,9794981.0,4,,False,True,False,1,167342,1,station wagon,alfa romeo,,,,,,,,2012,0,0,0,0,0,0,0,0,0,0,0,0,0,0,0,2012-12-15 19:51:00
800.0,1.0,0.0,1.0,0.0,0.0,0.0,0.0,0.0,274649,2012.0,0.0,0.0,0.0,0.0,0.0,0.0,0.0,0.0,1.0,0.0,0.0,0.0,0.0,0.0,0.0,0.0,0.0,0.0,0.0,0.0,0.0,0.0,0.0,0.0,0.0,0.0,0.0,0.0,0.0,0.0,0.0,0.0,0.0,0.0,0.0,0.0,0.0,0.0,0.0,0.0,0.0,0.0,0.0,0.0,0.0,0.0,0.0,0.0,0.0,0.0,0.0,0.0,0.0,0.0,2012-12-28 12:00:00,2155489,1,,34,,False,False,True,1,165076,1,passenger vehicle,alfa romeo,,,,,,,,2012,0,0,0,0,0,0,0,0,0,0,0,0,0,0,0,2012-12-28 12:00:00
850.0,1.0,0.0,0.0,0.0,1.0,0.0,0.0,0.0,173465,2012.0,0.0,0.0,0.0,0.0,0.0,0.0,0.0,0.0,0.0,0.0,0.0,0.0,0.0,0.0,0.0,0.0,0.0,0.0,0.0,0.0,0.0,0.0,0.0,0.0,0.0,0.0,0.0,0.0,0.0,0.0,0.0,0.0,0.0,0.0,0.0,0.0,0.0,1.0,0.0,0.0,0.0,0.0,0.0,0.0,0.0,0.0,0.0,0.0,0.0,0.0,0.0,0.0,0.0,0.0,2012-12-31 22:15:00,1817974,1,11863289.0,0,,True,False,False,1,139385,1,passenger vehicle,alfa romeo,,,,,,,,2012,0,0,0,0,0,0,0,0,0,0,0,0,0,0,0,2012-12-31 22:15:00
876.0,3.0,0.0,0.0,0.0,0.0,0.0,3.0,0.0,240590,2012.0,0.0,0.0,0.0,0.0,0.0,0.0,0.0,0.0,0.0,0.0,0.0,0.0,0.0,0.0,0.0,0.0,0.0,0.0,0.0,0.0,0.0,0.0,0.0,0.0,0.0,0.0,0.0,0.0,0.0,0.0,0.0,0.0,0.0,0.0,0.0,0.0,0.0,1.0,0.0,0.0,0.0,0.0,0.0,0.0,0.0,0.0,0.0,0.0,0.0,0.0,0.0,0.0,0.0,0.0,2012-12-21 00:20:00,2049166,3,13230851.0,22,,False,True,False,1,190707,2,passenger vehicle,alfa romeo,,,,,,,,2012,0,0,0,0,0,0,0,0,0,0,0,0,0,0,0,2012-12-21 00:20:00
887.0,1.0,0.0,1.0,0.0,0.0,0.0,0.0,0.0,274395,2012.0,0.0,0.0,0.0,0.0,0.0,0.0,0.0,0.0,0.0,0.0,0.0,0.0,0.0,0.0,0.0,0.0,0.0,0.0,0.0,0.0,0.0,0.0,0.0,0.0,0.0,0.0,0.0,0.0,0.0,0.0,0.0,0.0,0.0,0.0,0.0,0.0,0.0,0.0,0.0,0.0,0.0,0.0,0.0,0.0,0.0,0.0,0.0,0.0,0.0,0.0,0.0,0.0,0.0,0.0,2012-12-13 13:43:00,2155418,1,,79,,False,False,True,1,63814,1,passenger vehicle,alfa romeo,,,,,,,,2012,0,0,0,0,0,0,0,0,0,0,0,0,0,0,0,2012-12-13 13:43:00
923.0,1.0,0.0,0.0,0.0,0.0,0.0,1.0,0.0,165508,2012.0,0.0,0.0,0.0,0.0,0.0,0.0,0.0,0.0,0.0,0.0,0.0,0.0,0.0,0.0,0.0,0.0,0.0,0.0,0.0,0.0,0.0,0.0,0.0,0.0,0.0,0.0,0.0,0.0,0.0,0.0,0.0,0.0,0.0,0.0,0.0,0.0,0.0,0.0,0.0,0.0,0.0,0.0,0.0,0.0,0.0,0.0,0.0,0.0,0.0,0.0,0.0,0.0,0.0,0.0,2012-12-29 22:25:00,1796630,1,11742830.0,31,,False,True,False,1,38945,2,passenger vehicle,alfa romeo,,,,,,,,2012,0,0,0,0,0,0,0,0,0,0,0,0,0,0,0,2012-12-29 22:25:00
935.0,5.0,0.0,0.0,0.0,0.0,0.0,5.0,0.0,110552,2012.0,0.0,0.0,0.0,0.0,0.0,0.0,0.0,0.0,0.0,0.0,0.0,0.0,0.0,0.0,0.0,0.0,0.0,0.0,0.0,0.0,0.0,0.0,0.0,0.0,0.0,0.0,0.0,0.0,0.0,0.0,0.0,0.0,0.0,0.0,0.0,0.0,0.0,0.0,0.0,0.0,0.0,0.0,0.0,0.0,0.0,0.0,0.0,0.0,0.0,0.0,0.0,0.0,0.0,0.0,2012-12-24 19:00:00,1582047,5,10604732.0,51,,False,True,False,1,121292,1,special purpose vehicle,alfa romeo,,,,,,,,2012,0,0,0,0,0,0,0,0,0,0,0,0,0,0,0,2012-12-24 19:00:00
942.0,1.0,0.0,0.0,0.0,0.0,0.0,1.0,0.0,145450,2012.0,0.0,0.0,0.0,0.0,0.0,0.0,0.0,0.0,0.0,0.0,0.0,0.0,0.0,0.0,0.0,0.0,0.0,0.0,0.0,0.0,0.0,0.0,0.0,0.0,0.0,0.0,0.0,0.0,0.0,0.0,0.0,0.0,0.0,0.0,0.0,0.0,0.0,0.0,0.0,0.0,0.0,0.0,0.0,0.0,0.0,0.0,1.0,0.0,0.0,0.0,0.0,0.0,0.0,0.0,2012-12-19 16:45:00,1709027,1,11314344.0,61,,False,True,False,1,24366,1,passenger vehicle,alfa romeo,,,,,,,,2012,0,0,0,0,0,0,0,0,0,0,0,0,0,0,0,2012-12-19 16:45:00
978.0,1.0,0.0,1.0,0.0,0.0,0.0,0.0,0.0,274430,2012.0,0.0,0.0,0.0,0.0,0.0,0.0,0.0,0.0,0.0,0.0,0.0,0.0,0.0,0.0,0.0,0.0,0.0,0.0,0.0,0.0,0.0,0.0,0.0,0.0,0.0,0.0,0.0,0.0,0.0,0.0,0.0,0.0,0.0,0.0,0.0,0.0,0.0,0.0,0.0,0.0,0.0,0.0,0.0,0.0,0.0,0.0,0.0,0.0,0.0,0.0,0.0,0.0,0.0,0.0,2012-12-21 06:30:00,2155439,1,,27,,False,False,True,1,59618,1,passenger vehicle,alfa romeo,,,,,,,,2012,0,0,0,0,0,0,0,0,0,0,0,0,0,0,0,2012-12-21 06:30:00
999.0,1.0,0.0,0.0,0.0,0.0,0.0,1.0,0.0,229331,2012.0,0.0,0.0,0.0,0.0,0.0,0.0,0.0,0.0,0.0,0.0,0.0,0.0,0.0,0.0,0.0,0.0,0.0,0.0,0.0,0.0,0.0,0.0,0.0,0.0,0.0,0.0,0.0,0.0,0.0,0.0,0.0,0.0,0.0,0.0,0.0,0.0,0.0,0.0,0.0,0.0,0.0,0.0,0.0,0.0,0.0,0.0,0.0,0.0,0.0,0.0,0.0,0.0,0.0,0.0,2012-12-14 23:45:00,2009461,1,12956551.0,50,,False,True,False,1,9856,1,other,alfa romeo,,,,,,,,2012,0,0,0,0,0,0,0,0,0,0,0,0,0,0,0,2012-12-14 23:45:00
1080.0,1.0,0.0,1.0,0.0,0.0,0.0,0.0,0.0,1527,2012.0,0.0,0.0,0.0,0.0,0.0,0.0,0.0,0.0,0.0,0.0,0.0,0.0,0.0,0.0,0.0,0.0,0.0,0.0,0.0,0.0,0.0,0.0,0.0,0.0,0.0,0.0,0.0,0.0,0.0,0.0,0.0,0.0,0.0,0.0,0.0,0.0,0.0,0.0,0.0,0.0,0.0,0.0,0.0,0.0,0.0,0.0,0.0,0.0,0.0,0.0,0.0,0.0,0.0,0.0,2012-12-21 20:10:00,1257644,1,,62,,False,False,True,1,54384,1,special purpose vehicle,alfa romeo,,,,,,,,2012,0,0,0,0,0,0,0,0,0,0,0,0,0,0,0,2012-12-21 20:10:00
1117.0,3.0,0.0,0.0,0.0,0.0,0.0,3.0,0.0,248135,2012.0,0.0,0.0,0.0,0.0,0.0,0.0,0.0,0.0,0.0,0.0,0.0,0.0,0.0,0.0,0.0,0.0,0.0,0.0,0.0,0.0,0.0,0.0,0.0,0.0,0.0,0.0,0.0,0.0,0.0,0.0,0.0,0.0,0.0,0.0,0.0,0.0,0.0,0.0,0.0,0.0,0.0,0.0,0.0,0.0,0.0,0.0,0.0,0.0,0.0,0.0,0.0,0.0,0.0,0.0,2012-12-17 15:30:00,2072631,3,13413038.0,47,,False,True,False,1,19246,1,passenger vehicle,alfa romeo,,,,,,,,2012,0,0,0,0,0,0,0,0,0,0,0,0,0,0,0,2012-12-17 15:30:00
1119.0,5.0,0.0,0.0,0.0,0.0,0.0,5.0,0.0,3017146,2012.0,0.0,0.0,0.0,0.0,0.0,0.0,0.0,0.0,0.0,0.0,0.0,0.0,0.0,0.0,0.0,0.0,0.0,0.0,0.0,0.0,0.0,0.0,0.0,0.0,0.0,0.0,0.0,0.0,0.0,0.0,0.0,0.0,0.0,0.0,0.0,0.0,0.0,0.0,0.0,0.0,0.0,0.0,0.0,0.0,0.0,0.0,0.0,0.0,0.0,0.0,0.0,0.0,0.0,0.0,2012-12-16 15:10:00,1987511,4,12837723.0,5,,False,True,False,1,30360,1,station wagon,alfa romeo,,,,,,,,2012,0,0,0,0,0,0,0,0,0,0,0,0,0,0,0,2012-12-16 15:10:00
1125.0,3.0,0.0,0.0,0.0,0.0,0.0,3.0,0.0,117656,2012.0,0.0,0.0,0.0,0.0,0.0,0.0,0.0,0.0,0.0,0.0,0.0,0.0,0.0,0.0,0.0,0.0,0.0,0.0,0.0,0.0,0.0,0.0,0.0,0.0,0.0,0.0,0.0,0.0,0.0,0.0,0.0,0.0,0.0,0.0,0.0,0.0,0.0,0.0,0.0,0.0,0.0,0.0,0.0,0.0,0.0,0.0,0.0,0.0,0.0,0.0,0.0,0.0,0.0,0.0,2012-12-11 20:45:00,1609405,1,10776289.0,26,,False,True,False,1,56237,2,other,alfa romeo,,,,,,,,2012,0,0,0,0,0,0,0,0,0,0,0,0,0,0,0,2012-12-11 20:45:00
1151.0,2.0,0.0,0.0,0.0,0.0,0.0,2.0,0.0,10163,2012.0,0.0,0.0,0.0,0.0,0.0,0.0,0.0,0.0,0.0,1.0,0.0,0.0,0.0,0.0,0.0,1.0,0.0,0.0,0.0,0.0,0.0,0.0,0.0,0.0,0.0,0.0,0.0,0.0,0.0,0.0,0.0,0.0,0.0,0.0,0.0,0.0,0.0,0.0,0.0,0.0,0.0,0.0,0.0,0.0,0.0,0.0,0.0,0.0,0.0,0.0,0.0,0.0,0.0,0.0,2012-12-15 00:53:00,1272344,2,8531773.0,9,,False,True,False,1,22909,1,station wagon,alfa romeo,,,,,,,,2012,0,0,0,0,0,0,0,0,0,0,0,0,0,0,0,2012-12-15 00:53:00
1151.0,2.0,0.0,0.0,0.0,0.0,0.0,2.0,0.0,10163,2012.0,0.0,0.0,0.0,0.0,0.0,0.0,0.0,0.0,0.0,1.0,0.0,0.0,0.0,0.0,0.0,1.0,0.0,0.0,0.0,0.0,0.0,0.0,0.0,0.0,0.0,0.0,0.0,0.0,0.0,0.0,0.0,0.0,0.0,0.0,0.0,0.0,0.0,0.0,0.0,0.0,0.0,0.0,0.0,0.0,0.0,0.0,0.0,0.0,0.0,0.0,0.0,0.0,0.0,0.0,2012-12-15 00:53:00,1272343,1,8531773.0,15,,False,True,False,1,22909,1,station wagon,alfa romeo,,,,,,,,2012,0,0,0,0,0,0,0,0,0,0,0,0,0,0,0,2012-12-15 00:53:00
1166.0,4.0,0.0,4.0,0.0,0.0,0.0,0.0,0.0,86084,2012.0,0.0,0.0,0.0,0.0,1.0,0.0,0.0,0.0,0.0,0.0,0.0,0.0,0.0,0.0,0.0,0.0,0.0,0.0,0.0,0.0,0.0,0.0,0.0,0.0,0.0,0.0,0.0,0.0,0.0,0.0,0.0,0.0,0.0,0.0,0.0,0.0,0.0,0.0,0.0,0.0,0.0,0.0,0.0,0.0,0.0,0.0,0.0,0.0,0.0,0.0,0.0,0.0,0.0,0.0,2012-12-13 15:25:00,1484111,3,,3,,False,False,True,1,103344,1,station wagon,alfa romeo,,,,,,,,2012,0,0,0,0,0,0,0,0,0,0,0,0,0,0,0,2012-12-13 15:25:00
1182.0,1.0,0.0,1.0,0.0,0.0,0.0,0.0,0.0,240539,2012.0,0.0,0.0,0.0,0.0,0.0,0.0,0.0,0.0,1.0,0.0,0.0,0.0,0.0,0.0,0.0,0.0,0.0,0.0,0.0,0.0,0.0,0.0,0.0,0.0,0.0,0.0,0.0,0.0,0.0,0.0,0.0,0.0,0.0,0.0,0.0,0.0,0.0,0.0,0.0,0.0,0.0,0.0,0.0,0.0,0.0,0.0,0.0,0.0,0.0,0.0,0.0,0.0,0.0,0.0,2012-12-17 07:25:00,2049155,1,,35,,False,False,True,1,114705,1,passenger vehicle,alfa romeo,,,,,,,,2012,0,0,0,0,0,0,0,0,0,0,0,0,0,0,0,2012-12-17 07:25:00
1192.0,2.0,0.0,0.0,0.0,0.0,0.0,2.0,0.0,180271,2012.0,0.0,0.0,1.0,0.0,0.0,0.0,0.0,0.0,0.0,0.0,0.0,0.0,0.0,0.0,0.0,0.0,0.0,0.0,0.0,0.0,0.0,0.0,0.0,0.0,0.0,0.0,0.0,0.0,0.0,0.0,0.0,0.0,0.0,0.0,0.0,0.0,0.0,0.0,0.0,0.0,0.0,0.0,0.0,0.0,0.0,0.0,0.0,0.0,0.0,0.0,0.0,0.0,0.0,0.0,2012-12-15 05:00:00,1834961,2,11969013.0,36,,False,True,False,1,45800,1,passenger vehicle,alfa romeo,,,,,,,,2012,0,0,0,0,0,0,0,0,0,0,0,0,0,0,0,2012-12-15 05:00:00
1198.0,6.0,0.0,2.0,0.0,0.0,0.0,4.0,0.0,161019,2012.0,0.0,0.0,0.0,0.0,0.0,0.0,0.0,0.0,0.0,0.0,0.0,0.0,0.0,0.0,0.0,0.0,0.0,0.0,0.0,0.0,0.0,0.0,0.0,0.0,0.0,0.0,0.0,0.0,0.0,0.0,0.0,0.0,0.0,0.0,0.0,0.0,0.0,0.0,0.0,0.0,0.0,0.0,0.0,0.0,0.0,0.0,0.0,0.0,0.0,0.0,0.0,0.0,0.0,0.0,2012-12-19 19:30:00,1767532,5,,47,,False,False,True,1,15386,1,passenger vehicle,alfa romeo,,,,,,,,2012,0,0,0,0,0,0,0,0,0,0,0,0,0,0,0,2012-12-19 19:30:00
1219.0,1.0,0.0,0.0,0.0,0.0,0.0,1.0,0.0,86123,2012.0,0.0,0.0,0.0,0.0,0.0,0.0,0.0,0.0,0.0,0.0,0.0,0.0,0.0,0.0,0.0,1.0,0.0,0.0,0.0,0.0,0.0,0.0,0.0,0.0,0.0,0.0,0.0,0.0,0.0,0.0,0.0,0.0,0.0,0.0,0.0,0.0,0.0,0.0,0.0,0.0,0.0,0.0,0.0,0.0,0.0,0.0,0.0,0.0,0.0,0.0,0.0,0.0,0.0,0.0,2012-12-18 16:30:00,1484135,1,10054037.0,79,,False,True,False,1,156145,2,passenger vehicle,alfa romeo,,,,,,,,2012,0,0,0,0,0,0,0,0,0,0,0,0,0,0,0,2012-12-18 16:30:00
1258.0,1.0,0.0,0.0,0.0,0.0,0.0,1.0,0.0,3003622,2012.0,0.0,0.0,0.0,0.0,0.0,0.0,0.0,0.0,0.0,0.0,0.0,0.0,0.0,0.0,0.0,0.0,0.0,0.0,0.0,0.0,0.0,0.0,0.0,0.0,0.0,0.0,0.0,0.0,0.0,0.0,0.0,0.0,0.0,0.0,1.0,0.0,0.0,0.0,0.0,0.0,0.0,0.0,0.0,0.0,0.0,0.0,0.0,0.0,0.0,0.0,0.0,0.0,0.0,0.0,2012-12-25 07:40:00,1953463,1,12658874.0,38,,False,True,False,1,12918,1,van,alfa romeo,,,,,,,,2012,0,0,0,0,0,0,0,0,0,0,0,0,0,0,0,2012-12-25 07:40:00
1337.0,1.0,0.0,1.0,0.0,0.0,0.0,0.0,0.0,114314,2012.0,0.0,0.0,0.0,0.0,0.0,0.0,0.0,0.0,0.0,0.0,0.0,0.0,0.0,0.0,0.0,0.0,0.0,0.0,0.0,0.0,0.0,0.0,0.0,0.0,0.0,0.0,0.0,0.0,0.0,0.0,0.0,0.0,0.0,0.0,0.0,0.0,0.0,0.0,0.0,0.0,0.0,0.0,0.0,0.0,0.0,0.0,0.0,0.0,0.0,0.0,0.0,0.0,0.0,0.0,2012-12-17 15:05:00,1592271,1,,8,,False,False,True,1,138128,1,unknown vehicle,alfa romeo,,,,,,,,2012,0,0,0,0,0,0,0,0,0,0,0,0,0,0,0,2012-12-17 15:05:00
1344.0,1.0,0.0,0.0,0.0,0.0,0.0,1.0,0.0,141928,2012.0,0.0,0.0,0.0,0.0,0.0,0.0,0.0,0.0,0.0,0.0,0.0,0.0,0.0,0.0,0.0,0.0,1.0,1.0,0.0,0.0,0.0,0.0,0.0,0.0,0.0,0.0,0.0,0.0,0.0,0.0,0.0,0.0,0.0,0.0,0.0,0.0,0.0,0.0,0.0,0.0,0.0,0.0,0.0,0.0,0.0,0.0,0.0,0.0,0.0,0.0,0.0,0.0,0.0,0.0,2012-12-28 10:20:00,1697449,1,11255078.0,22,,False,True,False,1,106561,1,station wagon,alfa romeo,,,,,,,,2012,0,0,0,0,0,0,0,0,0,0,0,0,0,0,0,2012-12-28 10:20:00
1369.0,1.0,0.0,0.0,0.0,0.0,0.0,1.0,0.0,3045038,2012.0,0.0,0.0,0.0,0.0,0.0,0.0,0.0,0.0,0.0,0.0,0.0,0.0,0.0,0.0,0.0,2.0,0.0,0.0,0.0,0.0,0.0,0.0,0.0,0.0,0.0,0.0,0.0,0.0,0.0,0.0,0.0,0.0,0.0,0.0,0.0,0.0,0.0,0.0,0.0,0.0,0.0,0.0,0.0,0.0,0.0,0.0,0.0,0.0,0.0,0.0,0.0,0.0,0.0,0.0,2012-12-17 17:15:00,2049158,1,13230743.0,22,,False,True,False,1,14201,3,passenger vehicle,alfa romeo,,,,,,,,2012,0,0,0,0,0,0,0,0,0,0,0,0,0,0,0,2012-12-17 17:15:00
1392.0,1.0,0.0,1.0,0.0,0.0,0.0,0.0,0.0,82071,2012.0,0.0,0.0,0.0,0.0,0.0,0.0,0.0,0.0,0.0,0.0,0.0,0.0,0.0,0.0,0.0,0.0,0.0,0.0,0.0,0.0,0.0,0.0,0.0,0.0,0.0,0.0,0.0,0.0,0.0,0.0,0.0,0.0,0.0,0.0,0.0,0.0,0.0,0.0,0.0,0.0,0.0,0.0,0.0,0.0,0.0,0.0,0.0,0.0,0.0,0.0,0.0,0.0,0.0,0.0,2012-12-31 11:00:00,1467272,1,,24,,False,False,True,1,47540,1,passenger vehicle,alfa romeo,,,,,,,,2012,0,0,0,0,0,0,0,0,0,0,0,0,0,0,0,2012-12-31 11:00:00
1407.0,1.0,0.0,0.0,0.0,0.0,0.0,1.0,0.0,202607,2012.0,0.0,0.0,0.0,0.0,0.0,0.0,0.0,0.0,0.0,0.0,0.0,0.0,0.0,0.0,0.0,0.0,0.0,0.0,0.0,0.0,0.0,0.0,0.0,0.0,0.0,0.0,0.0,0.0,0.0,0.0,0.0,0.0,0.0,0.0,0.0,0.0,0.0,0.0,0.0,0.0,0.0,0.0,0.0,0.0,0.0,0.0,0.0,0.0,0.0,0.0,0.0,0.0,0.0,0.0,2012-12-21 09:05:00,1903067,1,12360406.0,54,,False,True,False,1,157904,1,passenger vehicle,alfa romeo,,,,,,,,2012,0,0,0,0,0,0,0,0,0,0,0,0,0,0,0,2012-12-21 09:05:00
1586.0,1.0,0.0,0.0,0.0,0.0,0.0,1.0,0.0,14642,2012.0,0.0,0.0,0.0,0.0,0.0,0.0,0.0,0.0,0.0,0.0,0.0,0.0,0.0,0.0,0.0,0.0,0.0,0.0,0.0,0.0,0.0,0.0,0.0,0.0,0.0,0.0,0.0,0.0,0.0,0.0,0.0,0.0,0.0,0.0,0.0,0.0,0.0,0.0,0.0,0.0,0.0,0.0,0.0,0.0,0.0,0.0,0.0,0.0,0.0,0.0,0.0,0.0,0.0,0.0,2012-12-13 16:30:00,1283621,1,8615000.0,49,,False,True,False,1,61139,2,taxi,alfa romeo,,,,,,,,2012,0,0,0,0,0,0,0,0,0,0,0,0,0,0,0,2012-12-13 16:30:00
1622.0,1.0,0.0,1.0,0.0,0.0,0.0,0.0,0.0,145480,2012.0,0.0,0.0,0.0,0.0,0.0,0.0,0.0,0.0,0.0,0.0,0.0,0.0,0.0,0.0,0.0,0.0,0.0,0.0,0.0,0.0,0.0,0.0,0.0,0.0,0.0,0.0,0.0,0.0,0.0,0.0,0.0,0.0,0.0,0.0,0.0,0.0,0.0,0.0,0.0,0.0,0.0,0.0,0.0,0.0,0.0,0.0,0.0,0.0,0.0,0.0,0.0,0.0,0.0,0.0,2012-12-26 17:40:00,1709039,1,,22,,False,False,True,1,115676,1,passenger vehicle,alfa romeo,,,,,,,,2012,0,0,0,0,0,0,0,0,0,0,0,0,0,0,0,2012-12-26 17:40:00
1666.0,2.0,0.0,0.0,0.0,0.0,0.0,2.0,0.0,3065238,2012.0,0.0,0.0,0.0,0.0,0.0,0.0,0.0,0.0,0.0,0.0,0.0,0.0,0.0,0.0,0.0,1.0,0.0,0.0,0.0,0.0,0.0,0.0,0.0,0.0,0.0,0.0,0.0,0.0,0.0,0.0,0.0,0.0,0.0,0.0,0.0,0.0,0.0,0.0,0.0,0.0,0.0,0.0,0.0,0.0,0.0,0.0,0.0,0.0,0.0,0.0,0.0,0.0,0.0,0.0,2012-12-21 10:45:00,2089211,1,13527497.0,42,,False,True,False,1,68360,3,station wagon,alfa romeo,,,,,,,,2012,0,0,0,0,0,0,0,0,0,0,0,0,0,0,0,2012-12-21 10:45:00
1691.0,2.0,0.0,0.0,0.0,0.0,0.0,2.0,0.0,122654,2012.0,0.0,0.0,0.0,0.0,0.0,0.0,0.0,0.0,0.0,0.0,0.0,0.0,0.0,0.0,0.0,1.0,0.0,0.0,0.0,0.0,0.0,0.0,0.0,0.0,0.0,0.0,0.0,0.0,0.0,0.0,0.0,0.0,0.0,0.0,0.0,0.0,0.0,0.0,0.0,0.0,0.0,0.0,0.0,0.0,0.0,0.0,0.0,0.0,0.0,0.0,0.0,0.0,0.0,0.0,2012-12-24 20:00:00,1625000,2,10870700.0,41,,False,True,False,1,50994,1,passenger vehicle,alfa romeo,,,,,,,,2012,0,0,0,0,0,0,0,0,0,0,0,0,0,0,0,2012-12-24 20:00:00
1694.0,1.0,0.0,1.0,0.0,0.0,0.0,0.0,0.0,240576,2012.0,0.0,0.0,0.0,0.0,0.0,0.0,0.0,0.0,1.0,0.0,0.0,0.0,0.0,0.0,0.0,0.0,0.0,0.0,0.0,0.0,0.0,0.0,0.0,0.0,0.0,0.0,0.0,0.0,0.0,0.0,0.0,0.0,0.0,0.0,0.0,0.0,0.0,0.0,0.0,0.0,0.0,0.0,0.0,0.0,0.0,0.0,0.0,0.0,0.0,0.0,0.0,0.0,0.0,0.0,2012-12-19 17:45:00,2049162,1,,28,,False,False,True,1,9828,1,2-door sedan,alfa romeo,,,,,,,,2012,0,0,0,0,0,0,0,0,0,0,0,0,0,0,0,2012-12-19 17:45:00
1700.0,3.0,0.0,0.0,0.0,0.0,0.0,3.0,0.0,2957373,2012.0,0.0,0.0,0.0,0.0,0.0,0.0,0.0,0.0,0.0,0.0,0.0,0.0,0.0,0.0,0.0,0.0,0.0,0.0,0.0,0.0,0.0,0.0,0.0,0.0,0.0,0.0,0.0,0.0,0.0,0.0,0.0,0.0,0.0,0.0,0.0,0.0,0.0,0.0,0.0,0.0,0.0,0.0,0.0,0.0,0.0,0.0,1.0,0.0,0.0,0.0,0.0,0.0,0.0,0.0,2012-12-12 08:15:00,1697401,2,11254781.0,0,,False,True,False,1,28263,1,passenger vehicle,alfa romeo,,,,,,,,2012,0,0,0,0,0,0,0,0,0,0,0,0,0,0,0,2012-12-12 08:15:00
1727.0,1.0,0.0,0.0,0.0,0.0,0.0,1.0,0.0,260735,2012.0,0.0,0.0,0.0,0.0,0.0,0.0,0.0,0.0,0.0,0.0,0.0,0.0,0.0,0.0,0.0,0.0,0.0,0.0,0.0,0.0,0.0,0.0,0.0,0.0,0.0,0.0,0.0,0.0,0.0,0.0,0.0,0.0,0.0,0.0,0.0,0.0,0.0,0.0,0.0,0.0,0.0,0.0,0.0,0.0,0.0,0.0,0.0,0.0,0.0,0.0,0.0,0.0,0.0,0.0,2012-12-27 09:15:00,2104139,1,13647875.0,59,,False,True,False,1,151498,1,station wagon,alfa romeo,,,,,,,,2012,0,0,0,0,0,0,0,0,0,0,0,0,0,0,0,2012-12-27 09:15:00
1749.0,1.0,0.0,1.0,0.0,0.0,0.0,0.0,0.0,185323,2012.0,0.0,0.0,0.0,0.0,0.0,0.0,0.0,0.0,0.0,0.0,0.0,0.0,0.0,0.0,0.0,0.0,0.0,0.0,0.0,0.0,0.0,0.0,0.0,0.0,0.0,0.0,0.0,0.0,0.0,0.0,0.0,0.0,0.0,0.0,0.0,0.0,0.0,0.0,0.0,0.0,0.0,0.0,0.0,0.0,0.0,0.0,0.0,0.0,0.0,0.0,0.0,0.0,0.0,0.0,2012-12-19 09:45:00,1854579,1,,27,,False,False,True,1,161043,1,other,alfa romeo,,,,,,,,2012,0,0,0,0,0,0,0,0,0,0,0,0,0,0,0,2012-12-19 09:45:00
1760.0,1.0,0.0,1.0,0.0,0.0,0.0,0.0,0.0,117736,2012.0,0.0,0.0,0.0,0.0,0.0,0.0,0.0,0.0,0.0,0.0,0.0,0.0,0.0,0.0,1.0,0.0,0.0,0.0,0.0,0.0,0.0,0.0,0.0,0.0,0.0,0.0,0.0,0.0,0.0,0.0,0.0,0.0,0.0,0.0,0.0,0.0,0.0,0.0,0.0,0.0,0.0,0.0,0.0,0.0,0.0,0.0,0.0,0.0,0.0,0.0,0.0,0.0,0.0,0.0,2012-12-22 19:30:00,1609428,1,,43,,False,False,True,1,194626,1,station wagon,alfa romeo,,,,,,,,2012,0,0,0,0,0,0,0,0,0,0,0,0,0,0,0,2012-12-22 19:30:00
1782.0,4.0,0.0,0.0,0.0,0.0,0.0,4.0,0.0,122637,2012.0,0.0,0.0,0.0,0.0,0.0,0.0,0.0,0.0,0.0,0.0,0.0,0.0,0.0,0.0,0.0,0.0,0.0,0.0,0.0,0.0,0.0,0.0,0.0,0.0,0.0,0.0,0.0,0.0,0.0,0.0,0.0,0.0,0.0,0.0,0.0,0.0,1.0,0.0,0.0,0.0,0.0,0.0,0.0,0.0,0.0,0.0,0.0,0.0,0.0,0.0,0.0,0.0,0.0,0.0,2012-12-22 14:30:00,1624996,4,10870664.0,5,,False,True,False,1,119992,1,passenger vehicle,alfa romeo,,,,,,,,2012,0,0,0,0,0,0,0,0,0,0,0,0,0,0,0,2012-12-22 14:30:00
1792.0,1.0,0.0,0.0,0.0,0.0,0.0,1.0,0.0,126790,2012.0,0.0,0.0,0.0,0.0,0.0,0.0,0.0,0.0,0.0,0.0,0.0,0.0,0.0,0.0,0.0,0.0,0.0,0.0,0.0,0.0,0.0,0.0,0.0,0.0,0.0,0.0,0.0,0.0,0.0,0.0,0.0,0.0,0.0,0.0,0.0,0.0,0.0,0.0,0.0,0.0,0.0,0.0,0.0,0.0,0.0,0.0,0.0,0.0,0.0,0.0,0.0,0.0,0.0,0.0,2012-12-11 00:35:00,1640902,1,10959138.0,0,,False,True,False,1,36526,2,passenger vehicle,alfa romeo,,,,,,,,2012,0,0,0,0,0,0,0,0,0,0,0,0,0,0,0,2012-12-11 00:35:00
1803.0,3.0,0.0,0.0,0.0,0.0,0.0,3.0,0.0,165420,2012.0,0.0,0.0,0.0,0.0,0.0,0.0,0.0,0.0,0.0,0.0,0.0,0.0,0.0,0.0,0.0,0.0,0.0,0.0,0.0,0.0,0.0,0.0,0.0,0.0,0.0,0.0,0.0,0.0,0.0,0.0,0.0,0.0,0.0,0.0,0.0,0.0,0.0,0.0,0.0,0.0,0.0,0.0,0.0,0.0,0.0,0.0,0.0,0.0,0.0,0.0,0.0,0.0,0.0,0.0,2012-12-22 13:10:00,1796598,3,11742642.0,7,,False,True,False,1,155195,1,passenger vehicle,alfa romeo,,,,,,,,2012,0,0,0,0,0,0,0,0,0,0,0,0,0,0,0,2012-12-22 13:10:00
1806.0,1.0,0.0,1.0,0.0,0.0,0.0,0.0,0.0,269196,2012.0,0.0,0.0,0.0,0.0,0.0,0.0,0.0,0.0,0.0,0.0,0.0,0.0,0.0,0.0,0.0,0.0,0.0,0.0,0.0,0.0,0.0,0.0,0.0,0.0,0.0,0.0,0.0,0.0,0.0,0.0,0.0,0.0,0.0,0.0,0.0,0.0,0.0,0.0,0.0,0.0,0.0,0.0,0.0,0.0,0.0,0.0,0.0,0.0,0.0,0.0,0.0,0.0,0.0,0.0,2012-12-12 08:40:00,2136740,1,,87,,False,False,True,1,64560,1,passenger vehicle,alfa romeo,,,,,,,,2012,0,0,0,0,0,0,0,0,0,0,0,0,0,0,0,2012-12-12 08:40:00
1833.0,3.0,0.0,0.0,0.0,0.0,0.0,3.0,0.0,122664,2012.0,0.0,0.0,0.0,0.0,0.0,0.0,0.0,0.0,0.0,0.0,0.0,0.0,0.0,0.0,0.0,0.0,0.0,0.0,0.0,0.0,0.0,0.0,0.0,0.0,0.0,0.0,0.0,0.0,0.0,0.0,0.0,0.0,0.0,0.0,0.0,0.0,0.0,0.0,0.0,0.0,0.0,0.0,0.0,0.0,0.0,0.0,0.0,0.0,0.0,0.0,0.0,0.0,0.0,0.0,2012-12-24 19:58:00,1625006,1,10870723.0,33,,False,True,False,1,51348,1,passenger vehicle,alfa romeo,,,,,,,,2012,0,0,0,0,0,0,0,0,0,0,0,0,0,0,0,2012-12-24 19:58:00
1833.0,3.0,0.0,0.0,0.0,0.0,0.0,3.0,0.0,122664,2012.0,0.0,0.0,0.0,0.0,0.0,0.0,0.0,0.0,0.0,0.0,0.0,0.0,0.0,0.0,0.0,0.0,0.0,0.0,0.0,0.0,0.0,0.0,0.0,0.0,0.0,0.0,0.0,0.0,0.0,0.0,0.0,0.0,0.0,0.0,0.0,0.0,0.0,0.0,0.0,0.0,0.0,0.0,0.0,0.0,0.0,0.0,0.0,0.0,0.0,0.0,0.0,0.0,0.0,0.0,2012-12-24 19:58:00,1625007,2,10870723.0,17,,False,True,False,1,51348,1,passenger vehicle,alfa romeo,,,,,,,,2012,0,0,0,0,0,0,0,0,0,0,0,0,0,0,0,2012-12-24 19:58:00
1852.0,1.0,0.0,1.0,0.0,0.0,0.0,0.0,0.0,209812,2012.0,0.0,0.0,0.0,0.0,0.0,0.0,0.0,0.0,0.0,0.0,0.0,0.0,0.0,0.0,0.0,0.0,0.0,0.0,0.0,0.0,0.0,0.0,0.0,0.0,0.0,0.0,0.0,0.0,0.0,0.0,0.0,0.0,0.0,0.0,0.0,0.0,0.0,0.0,0.0,0.0,0.0,0.0,0.0,0.0,0.0,0.0,0.0,0.0,0.0,0.0,0.0,0.0,0.0,0.0,2012-12-13 13:16:00,1935852,1,,44,,False,False,True,1,63372,1,passenger vehicle,alfa romeo,,,,,,,,2012,0,0,0,0,0,0,0,0,0,0,0,0,0,0,0,2012-12-13 13:16:00
1858.0,1.0,0.0,1.0,0.0,0.0,0.0,0.0,0.0,165307,2012.0,0.0,0.0,0.0,0.0,0.0,0.0,0.0,0.0,0.0,0.0,0.0,0.0,0.0,0.0,0.0,0.0,0.0,0.0,0.0,0.0,0.0,0.0,0.0,0.0,0.0,0.0,0.0,0.0,0.0,0.0,0.0,0.0,0.0,0.0,0.0,0.0,0.0,0.0,0.0,0.0,0.0,0.0,0.0,0.0,0.0,0.0,0.0,0.0,0.0,0.0,0.0,0.0,0.0,0.0,2012-12-12 06:30:00,1796552,1,,18,,False,False,True,1,185424,1,passenger vehicle,alfa romeo,,,,,,,,2012,0,0,0,0,0,0,0,0,0,0,0,0,0,0,0,2012-12-12 06:30:00
1876.0,1.0,0.0,1.0,0.0,0.0,0.0,0.0,0.0,86096,2012.0,0.0,0.0,0.0,0.0,0.0,0.0,0.0,0.0,0.0,0.0,0.0,0.0,0.0,0.0,0.0,0.0,0.0,0.0,0.0,0.0,0.0,0.0,0.0,0.0,0.0,0.0,0.0,0.0,0.0,0.0,1.0,0.0,0.0,0.0,0.0,0.0,0.0,0.0,0.0,0.0,0.0,0.0,0.0,0.0,0.0,0.0,0.0,0.0,0.0,0.0,0.0,0.0,0.0,0.0,2012-12-15 15:30:00,1484120,1,,15,,False,False,True,1,54053,1,passenger vehicle,alfa romeo,,,,,,,,2012,0,0,0,0,0,0,0,0,0,0,0,0,0,0,0,2012-12-15 15:30:00
1937.0,1.0,0.0,0.0,0.0,0.0,0.0,1.0,0.0,204994,2012.0,0.0,0.0,0.0,0.0,0.0,0.0,0.0,0.0,0.0,0.0,0.0,0.0,0.0,0.0,0.0,0.0,0.0,0.0,0.0,0.0,0.0,0.0,0.0,0.0,0.0,0.0,0.0,0.0,0.0,0.0,0.0,0.0,0.0,0.0,0.0,0.0,0.0,0.0,0.0,0.0,0.0,0.0,0.0,0.0,0.0,0.0,0.0,0.0,0.0,0.0,0.0,0.0,0.0,0.0,2012-12-16 13:55:00,1918989,1,12453682.0,46,,False,True,False,1,14596,1,passenger vehicle,alfa romeo,,,,,,,,2012,0,0,0,0,0,0,0,0,0,0,0,0,0,0,0,2012-12-16 13:55:00
1946.0,2.0,0.0,0.0,0.0,0.0,0.0,2.0,0.0,281003,2012.0,0.0,0.0,0.0,0.0,0.0,0.0,0.0,0.0,0.0,0.0,0.0,0.0,0.0,0.0,0.0,0.0,0.0,0.0,0.0,0.0,0.0,0.0,0.0,0.0,0.0,0.0,0.0,0.0,0.0,0.0,0.0,0.0,0.0,0.0,0.0,0.0,0.0,0.0,0.0,0.0,0.0,0.0,0.0,0.0,0.0,0.0,0.0,0.0,0.0,0.0,0.0,0.0,0.0,0.0,2012-12-28 19:07:00,2172756,1,14086902.0,22,,False,True,False,1,40725,2,station wagon,alfa romeo,,,,,,,,2012,0,0,0,0,0,0,0,0,0,0,0,0,0,0,0,2012-12-28 19:07:00
1965.0,1.0,0.0,1.0,0.0,0.0,0.0,0.0,0.0,122682,2012.0,0.0,0.0,0.0,0.0,0.0,0.0,0.0,0.0,0.0,0.0,0.0,0.0,0.0,0.0,0.0,0.0,0.0,0.0,0.0,0.0,0.0,0.0,0.0,0.0,0.0,0.0,0.0,0.0,0.0,0.0,0.0,0.0,0.0,0.0,0.0,0.0,0.0,0.0,0.0,0.0,0.0,0.0,0.0,0.0,0.0,0.0,0.0,0.0,0.0,0.0,0.0,0.0,0.0,0.0,2012-12-27 15:48:00,1625013,1,,66,,False,False,True,1,137126,1,passenger vehicle,alfa romeo,,,,,,,,2012,0,0,0,0,0,0,0,0,0,0,0,0,0,0,0,2012-12-27 15:48:00
1978.0,1.0,0.0,0.0,0.0,0.0,0.0,1.0,0.0,131257,2012.0,0.0,0.0,0.0,0.0,0.0,0.0,0.0,0.0,0.0,0.0,0.0,0.0,0.0,0.0,0.0,0.0,0.0,0.0,0.0,0.0,0.0,0.0,0.0,0.0,0.0,0.0,0.0,0.0,0.0,0.0,0.0,0.0,0.0,0.0,0.0,0.0,0.0,0.0,0.0,0.0,0.0,0.0,0.0,0.0,0.0,0.0,0.0,0.0,0.0,0.0,0.0,0.0,0.0,0.0,2012-12-18 10:25:00,1655310,1,11051611.0,44,,False,True,False,1,19174,2,station wagon,alfa romeo,,,,,,,,2012,0,0,0,0,0,0,0,0,0,0,0,0,0,0,0,2012-12-18 10:25:00
1981.0,2.0,0.0,0.0,0.0,0.0,0.0,2.0,0.0,126810,2012.0,0.0,0.0,0.0,0.0,0.0,0.0,0.0,0.0,0.0,0.0,0.0,0.0,0.0,0.0,1.0,0.0,0.0,0.0,0.0,0.0,0.0,0.0,0.0,0.0,0.0,0.0,0.0,0.0,0.0,0.0,0.0,0.0,0.0,0.0,0.0,0.0,0.0,0.0,0.0,0.0,0.0,0.0,0.0,0.0,0.0,0.0,0.0,0.0,0.0,0.0,0.0,0.0,0.0,0.0,2012-12-13 19:40:00,1640907,2,10959177.0,24,,False,True,False,1,8709,2,passenger vehicle,alfa romeo,,,,,,,,2012,0,0,0,0,0,0,0,0,0,0,0,0,0,0,0,2012-12-13 19:40:00
2033.0,3.0,0.0,0.0,0.0,0.0,0.0,3.0,0.0,114296,2012.0,0.0,0.0,0.0,0.0,0.0,0.0,0.0,0.0,0.0,0.0,0.0,0.0,0.0,0.0,0.0,0.0,0.0,0.0,0.0,0.0,0.0,0.0,0.0,0.0,0.0,0.0,0.0,0.0,0.0,0.0,0.0,0.0,0.0,0.0,0.0,0.0,0.0,0.0,0.0,0.0,0.0,0.0,0.0,0.0,0.0,0.0,0.0,0.0,0.0,0.0,0.0,0.0,0.0,0.0,2012-12-13 19:16:00,1592265,2,10666802.0,49,,False,True,False,1,954,2,passenger vehicle,alfa romeo,,,,,,,,2012,0,0,0,0,0,0,0,0,0,0,0,0,0,0,0,2012-12-13 19:16:00
2124.0,3.0,0.0,0.0,0.0,0.0,0.0,3.0,0.0,73564,2012.0,0.0,0.0,0.0,0.0,0.0,0.0,0.0,0.0,0.0,0.0,0.0,0.0,0.0,0.0,1.0,0.0,0.0,0.0,0.0,0.0,0.0,0.0,0.0,0.0,0.0,0.0,0.0,0.0,0.0,0.0,0.0,0.0,0.0,0.0,0.0,0.0,1.0,0.0,0.0,0.0,0.0,0.0,0.0,0.0,0.0,0.0,0.0,0.0,0.0,0.0,0.0,0.0,0.0,0.0,2012-12-18 06:40:00,1432608,2,9795010.0,22,,False,True,False,1,26284,1,station wagon,alfa romeo,,,,,,,,2012,0,0,0,0,0,0,0,0,0,0,0,0,0,0,0,2012-12-18 06:40:00
2151.0,1.0,0.0,1.0,0.0,0.0,0.0,0.0,0.0,141863,2012.0,0.0,0.0,0.0,0.0,0.0,0.0,0.0,0.0,1.0,0.0,0.0,0.0,0.0,0.0,0.0,0.0,0.0,0.0,0.0,0.0,0.0,0.0,0.0,0.0,0.0,0.0,0.0,0.0,0.0,0.0,0.0,0.0,0.0,0.0,0.0,0.0,0.0,0.0,0.0,0.0,0.0,0.0,0.0,0.0,0.0,0.0,0.0,0.0,0.0,0.0,0.0,0.0,0.0,0.0,2012-12-20 09:33:00,1697425,1,,48,,False,False,True,1,108952,1,passenger vehicle,alfa romeo,,,,,,,,2012,0,0,0,0,0,0,0,0,0,0,0,0,0,0,0,2012-12-20 09:33:00
2186.0,1.0,0.0,0.0,0.0,0.0,0.0,1.0,0.0,295640,2012.0,0.0,0.0,0.0,0.0,0.0,0.0,0.0,0.0,0.0,0.0,0.0,0.0,0.0,0.0,0.0,0.0,0.0,0.0,0.0,0.0,0.0,0.0,0.0,0.0,0.0,0.0,0.0,0.0,0.0,0.0,0.0,0.0,0.0,0.0,0.0,0.0,0.0,0.0,0.0,0.0,0.0,0.0,0.0,0.0,0.0,0.0,0.0,0.0,0.0,0.0,0.0,0.0,0.0,0.0,2012-12-15 17:14:00,2217395,1,14395371.0,40,,False,True,False,1,170877,1,passenger vehicle,alfa romeo,,,,,,,,2012,0,0,0,0,0,0,0,0,0,0,0,0,0,0,0,2012-12-15 17:14:00
2218.0,1.0,0.0,0.0,0.0,0.0,0.0,1.0,0.0,3033566,2012.0,0.0,0.0,0.0,0.0,0.0,0.0,0.0,0.0,0.0,0.0,0.0,0.0,0.0,0.0,0.0,0.0,0.0,0.0,0.0,0.0,0.0,0.0,0.0,1.0,0.0,0.0,0.0,0.0,0.0,0.0,0.0,0.0,0.0,0.0,0.0,0.0,0.0,0.0,0.0,0.0,0.0,0.0,0.0,0.0,0.0,0.0,0.0,0.0,0.0,0.0,0.0,0.0,0.0,0.0,2012-12-21 18:00:00,2028781,1,13083508.0,0,,False,True,False,1,1769,2,station wagon,alfa romeo,,,,,,,,2012,0,0,0,0,0,0,0,0,0,0,0,0,0,0,0,2012-12-21 18:00:00
2248.0,1.0,0.0,1.0,0.0,0.0,0.0,0.0,0.0,194978,2012.0,0.0,0.0,0.0,0.0,0.0,0.0,0.0,0.0,0.0,0.0,0.0,0.0,0.0,0.0,0.0,0.0,0.0,0.0,0.0,0.0,0.0,0.0,0.0,0.0,0.0,0.0,0.0,0.0,0.0,0.0,1.0,0.0,0.0,0.0,0.0,0.0,0.0,0.0,0.0,0.0,0.0,0.0,0.0,0.0,0.0,0.0,0.0,0.0,0.0,0.0,0.0,0.0,0.0,0.0,2012-12-17 16:30:00,1886251,1,,12,,False,False,True,1,107682,1,passenger vehicle,alfa romeo,,,,,,,,2012,0,0,0,0,0,0,0,0,0,0,0,0,0,0,0,2012-12-17 16:30:00
2270.0,2.0,0.0,0.0,0.0,0.0,0.0,2.0,0.0,136637,2012.0,0.0,0.0,0.0,0.0,0.0,0.0,0.0,0.0,0.0,0.0,0.0,0.0,0.0,0.0,0.0,0.0,0.0,0.0,0.0,0.0,0.0,0.0,0.0,0.0,0.0,0.0,0.0,0.0,0.0,0.0,0.0,0.0,0.0,0.0,0.0,0.0,0.0,0.0,0.0,0.0,0.0,0.0,0.0,0.0,0.0,0.0,0.0,0.0,0.0,0.0,0.0,0.0,0.0,0.0,2012-12-21 21:30:00,1681978,1,11159015.0,1,,False,True,False,1,66708,1,passenger vehicle,alfa romeo,,,,,,,,2012,0,0,0,0,0,0,0,0,0,0,0,0,0,0,0,2012-12-21 21:30:00
2275.0,1.0,0.0,0.0,0.0,0.0,0.0,1.0,0.0,2946489,2012.0,0.0,0.0,0.0,0.0,0.0,0.0,0.0,0.0,0.0,0.0,0.0,0.0,0.0,0.0,0.0,0.0,0.0,0.0,0.0,0.0,0.0,0.0,0.0,0.0,0.0,0.0,0.0,0.0,0.0,0.0,0.0,0.0,0.0,0.0,0.0,0.0,0.0,0.0,0.0,0.0,0.0,0.0,0.0,0.0,0.0,0.0,0.0,0.0,0.0,0.0,0.0,0.0,0.0,0.0,2012-12-30 04:45:00,1625012,1,10870760.0,0,,False,True,False,1,18999,4,station wagon,alfa romeo,,,,,,,,2012,0,0,0,0,0,0,0,0,0,0,0,0,0,0,0,2012-12-30 04:45:00
2296.0,4.0,0.0,0.0,0.0,0.0,0.0,4.0,0.0,274482,2012.0,0.0,0.0,0.0,0.0,0.0,0.0,0.0,0.0,0.0,0.0,0.0,0.0,0.0,0.0,0.0,0.0,0.0,0.0,0.0,0.0,0.0,0.0,0.0,0.0,0.0,0.0,0.0,0.0,0.0,0.0,0.0,0.0,0.0,0.0,0.0,0.0,0.0,0.0,0.0,0.0,0.0,0.0,0.0,0.0,0.0,0.0,0.0,0.0,0.0,0.0,0.0,0.0,0.0,0.0,2012-12-25 23:32:00,2155457,3,13981038.0,3,,False,True,False,1,74393,3,passenger vehicle,alfa romeo,,,,,,,,2012,0,0,0,0,0,0,0,0,0,0,0,0,0,0,0,2012-12-25 23:32:00
2296.0,4.0,0.0,0.0,0.0,0.0,0.0,4.0,0.0,274482,2012.0,0.0,0.0,0.0,0.0,0.0,0.0,0.0,0.0,0.0,0.0,0.0,0.0,0.0,0.0,0.0,0.0,0.0,0.0,0.0,0.0,0.0,0.0,0.0,0.0,0.0,0.0,0.0,0.0,0.0,0.0,0.0,0.0,0.0,0.0,0.0,0.0,0.0,0.0,0.0,0.0,0.0,0.0,0.0,0.0,0.0,0.0,0.0,0.0,0.0,0.0,0.0,0.0,0.0,0.0,2012-12-25 23:32:00,2155455,1,13981038.0,30,,False,True,False,1,74393,3,passenger vehicle,alfa romeo,,,,,,,,2012,0,0,0,0,0,0,0,0,0,0,0,0,0,0,0,2012-12-25 23:32:00
2338.0,1.0,0.0,1.0,0.0,0.0,0.0,0.0,0.0,117819,2012.0,0.0,0.0,0.0,0.0,0.0,0.0,0.0,0.0,0.0,0.0,0.0,0.0,0.0,0.0,0.0,0.0,0.0,0.0,0.0,0.0,0.0,0.0,0.0,0.0,0.0,0.0,0.0,0.0,0.0,0.0,0.0,0.0,0.0,0.0,0.0,0.0,0.0,0.0,0.0,0.0,0.0,0.0,0.0,0.0,0.0,0.0,0.0,0.0,0.0,0.0,0.0,0.0,0.0,0.0,2012-12-29 12:15:00,1609463,1,,86,,False,False,True,1,186779,1,passenger vehicle,alfa romeo,,,,,,,,2012,0,0,0,0,0,0,0,0,0,0,0,0,0,0,0,2012-12-29 12:15:00
2389.0,2.0,0.0,0.0,0.0,0.0,0.0,2.0,0.0,234502,2012.0,0.0,0.0,0.0,0.0,0.0,0.0,0.0,0.0,0.0,0.0,0.0,0.0,0.0,0.0,0.0,0.0,0.0,0.0,0.0,0.0,0.0,0.0,0.0,0.0,0.0,0.0,0.0,0.0,0.0,0.0,0.0,0.0,0.0,0.0,0.0,0.0,1.0,0.0,0.0,0.0,0.0,0.0,0.0,0.0,0.0,0.0,0.0,0.0,0.0,0.0,0.0,0.0,0.0,0.0,2012-12-13 16:12:00,2028761,2,13083326.0,0,,False,True,False,1,168134,2,passenger vehicle,alfa romeo,,,,,,,,2012,0,0,0,0,0,0,0,0,0,0,0,0,0,0,0,2012-12-13 16:12:00
2412.0,1.0,0.0,0.0,0.0,0.0,0.0,1.0,0.0,295862,2012.0,0.0,0.0,0.0,0.0,0.0,0.0,0.0,0.0,0.0,0.0,0.0,0.0,0.0,0.0,1.0,0.0,0.0,0.0,0.0,0.0,0.0,0.0,0.0,0.0,0.0,0.0,0.0,0.0,0.0,0.0,0.0,0.0,0.0,0.0,0.0,0.0,0.0,0.0,0.0,0.0,0.0,0.0,0.0,0.0,0.0,0.0,0.0,0.0,0.0,0.0,0.0,0.0,0.0,0.0,2012-12-29 03:15:00,2217479,1,14395903.0,23,,False,True,False,1,49525,1,station wagon,alfa romeo,,,,,,,,2012,0,0,0,0,0,0,0,0,0,0,0,0,0,0,0,2012-12-29 03:15:00
2416.0,1.0,0.0,1.0,0.0,0.0,0.0,0.0,0.0,286632,2012.0,0.0,0.0,0.0,0.0,0.0,0.0,0.0,0.0,0.0,0.0,0.0,0.0,0.0,0.0,1.0,0.0,0.0,0.0,0.0,0.0,0.0,0.0,0.0,0.0,0.0,0.0,0.0,0.0,0.0,0.0,0.0,0.0,0.0,0.0,0.0,0.0,0.0,0.0,0.0,0.0,0.0,0.0,0.0,0.0,0.0,0.0,0.0,0.0,0.0,0.0,0.0,0.0,0.0,0.0,2012-12-26 13:45:00,2189497,1,,19,,False,False,True,1,174633,1,station wagon,alfa romeo,,,,,,,,2012,0,0,0,0,0,0,0,0,0,0,0,0,0,0,0,2012-12-26 13:45:00
2539.0,1.0,0.0,0.0,0.0,0.0,0.0,1.0,0.0,165345,2012.0,0.0,0.0,0.0,0.0,0.0,0.0,0.0,0.0,0.0,0.0,0.0,0.0,0.0,0.0,0.0,0.0,0.0,0.0,0.0,0.0,0.0,0.0,0.0,0.0,0.0,0.0,0.0,0.0,0.0,0.0,0.0,0.0,0.0,0.0,0.0,0.0,0.0,0.0,0.0,0.0,0.0,0.0,0.0,0.0,0.0,0.0,2.0,0.0,0.0,0.0,0.0,0.0,0.0,0.0,2012-12-15 03:24:00,1796566,1,11742492.0,64,,False,True,False,1,77052,1,special purpose vehicle,alfa romeo,,,,,,,,2012,0,0,0,0,0,0,0,0,0,0,0,0,0,0,0,2012-12-15 03:24:00
2553.0,2.0,0.0,0.0,0.0,0.0,0.0,2.0,0.0,92767,2012.0,0.0,0.0,0.0,0.0,0.0,0.0,0.0,0.0,0.0,0.0,0.0,0.0,0.0,0.0,0.0,0.0,0.0,0.0,0.0,0.0,0.0,0.0,0.0,0.0,0.0,0.0,0.0,0.0,0.0,0.0,0.0,0.0,0.0,0.0,0.0,0.0,0.0,0.0,0.0,0.0,0.0,0.0,0.0,0.0,0.0,0.0,0.0,0.0,0.0,0.0,0.0,0.0,0.0,0.0,2012-12-17 09:25:00,1512705,1,10223429.0,23,,False,True,False,1,13607,2,passenger vehicle,alfa romeo,,,,,,,,2012,0,0,0,0,0,0,0,0,0,0,0,0,0,0,0,2012-12-17 09:25:00
2561.0,1.0,0.0,1.0,0.0,0.0,0.0,0.0,0.0,194973,2012.0,0.0,0.0,0.0,0.0,0.0,0.0,0.0,0.0,0.0,0.0,0.0,0.0,0.0,0.0,0.0,0.0,0.0,0.0,0.0,0.0,0.0,0.0,0.0,0.0,0.0,0.0,0.0,0.0,0.0,0.0,0.0,0.0,0.0,0.0,0.0,0.0,0.0,0.0,0.0,0.0,0.0,0.0,0.0,0.0,0.0,0.0,0.0,0.0,0.0,0.0,0.0,0.0,0.0,0.0,2012-12-17 12:18:00,1886249,1,,30,,False,False,True,1,75647,1,unknown vehicle,alfa romeo,,,,,,,,2012,0,0,0,0,0,0,0,0,0,0,0,0,0,0,0,2012-12-17 12:18:00
2584.0,1.0,0.0,1.0,0.0,0.0,0.0,0.0,0.0,274389,2012.0,0.0,0.0,0.0,0.0,0.0,0.0,0.0,0.0,1.0,0.0,0.0,0.0,0.0,0.0,0.0,0.0,0.0,0.0,0.0,0.0,0.0,0.0,0.0,0.0,0.0,0.0,0.0,0.0,0.0,0.0,0.0,0.0,0.0,0.0,0.0,0.0,0.0,0.0,0.0,0.0,0.0,0.0,0.0,0.0,0.0,0.0,0.0,0.0,0.0,0.0,0.0,0.0,0.0,0.0,2012-12-17 06:50:00,2155417,1,,54,,False,False,True,1,141219,1,passenger vehicle,alfa romeo,,,,,,,,2012,0,0,0,0,0,0,0,0,0,0,0,0,0,0,0,2012-12-17 06:50:00
2591.0,2.0,0.0,0.0,0.0,0.0,0.0,2.0,0.0,117827,2012.0,0.0,0.0,0.0,0.0,0.0,0.0,0.0,0.0,0.0,0.0,0.0,0.0,0.0,0.0,0.0,0.0,0.0,0.0,0.0,0.0,0.0,0.0,0.0,0.0,0.0,0.0,0.0,0.0,0.0,0.0,0.0,0.0,0.0,0.0,0.0,0.0,0.0,0.0,0.0,0.0,0.0,0.0,0.0,0.0,0.0,0.0,0.0,0.0,0.0,0.0,0.0,0.0,0.0,0.0,2012-12-29 23:25:00,1609468,2,10776640.0,32,,False,True,False,1,43065,1,passenger vehicle,alfa romeo,,,,,,,,2012,0,0,0,0,0,0,0,0,0,0,0,0,0,0,0,2012-12-29 23:25:00
